"Secure_Token","Recipient_Instruction","Reschedule_Date","Updated_Delivery_Address.address_line_1","Updated_Delivery_Address.address_line_2","Updated_Delivery_Address.district_city","Updated_Delivery_Address.state_province","Updated_Delivery_Address.postal_Code","Updated_Delivery_Address.country"
"ndr_8Kf2Lm9Qx1Az","Reschedule Delivery","31-Aug-2026","","","","","",""
"ndr_4Np7Vr3Bc8Ty","Update Delivery Address","","1842 Sunset Boulevard","Apartment 5B","Los Angeles","California","90026","United States"
"ndr_6Hd1Ws5Jq0Pe","Hold at Local Office","","","","","","",""
"ndr_9Rt3Yk7Mn2Uv","Reschedule Delivery","05-Aug-2026","","","","","",""
"ndr_2Cx8Qa4Lf6Zi","Update Delivery Address","","725 Market Street","Suite 410","San Francisco","California","94103","United States"
"ndr_7Bj5Ep1Sw9Ko","Hold at Local Office","","","","","","",""
"ndr_3Vm0Gt8Rx4Na","Reschedule Delivery","09-Aug-2026","","","","","",""
"ndr_5Qw2Dc7Hy1Fs","Update Delivery Address","","410 Pine Street","Unit 12","Seattle","Washington","98101","United States"
"ndr_1Za6Nk3Pu8Me","Hold at Local Office","","","","","","",""
"ndr_8Ls4Tv0Cb5Xq","Reschedule Delivery","31-Aug-2026","","","","","",""
"ndr_0Fp9Wr2Jd7Ki","Update Delivery Address","","2630 McKinney Avenue","Apartment 804","Dallas","Texas","75204","United States"
"ndr_4Yu1Sm6Hg3Ro","Hold at Local Office","","","","","","",""
"ndr_6De8Kx5Vn0Pa","Reschedule Delivery","17-Aug-2026","","","","","",""
"ndr_2Jq7Bc9Lt4Wz","Update Delivery Address","","155 North Harbor Drive","Condo 2210","Chicago","Illinois","60601","United States"
"ndr_9Mn3Rf1Xs6Eh","Hold at Local Office","","","","","","",""
"ndr_5Gt0Za8Qp2Uv","Reschedule Delivery","21-Aug-2026","","","","","",""
"ndr_7Hw4Cy6Nk1Ls","Update Delivery Address","","980 Peachtree Street Northeast","Apartment 14C","Atlanta","Georgia","30309","United States"
"ndr_3Vb9Jm2Fd8Rx","Hold at Local Office","","","","","","",""
"ndr_1Pk6Ts4Wq0Yn","Reschedule Delivery","31-Aug-2026","","","","","",""
"ndr_8Xc2Le7Ha5Mi","Update Delivery Address","","1200 Brickell Avenue","Suite 900","Miami","Florida","33131","United States"
"ndr_4Rs0Nv9Bg3Kj","Hold at Local Office","","","","","","",""
"ndr_6Qz5Df1Yu8Wp","Reschedule Delivery","29-Aug-2026","","","","","",""
"ndr_2Em7Kx4Ct9Sa","Update Delivery Address","","315 West 36th Street","Apartment 7A","New York","New York","10018","United States"
"ndr_9Lj3Hb6Vr0Fn","Hold at Local Office","","","","","","",""
"ndr_5Tw8Pc2Mq7Zd","Reschedule Delivery","31-Aug-2026","","","","","",""