"Hub_ID","Hub_Name","Hub_Type","Parent_Sorting_Hub","Active","Hub_Address.address_line_1","Hub_Address.address_line_2","Hub_Address.district_city","Hub_Address.state_province","Hub_Address.postal_Code","Hub_Address.country","Latitude","Longitude","Operating_Start_Time","Operating_End_Time","Cut_Off_Time","Daily_Capacity","Contact_Name","Contact_Email","Contact_Phone"
"HUB-SH-001","Los Angeles Metro Sorting Hub","Sorting Hub","","true","5500 Sheila Street","Building A","Commerce","California","90040","United States","34.0006","-118.1598","05:00:00","23:00:00","21:30:00","18500","Olivia Martinez","olivia.martinez@zylker.com","+13235550101"
"HUB-SH-002","San Francisco Bay Sorting Hub","Sorting Hub","","true","1900 Carroll Avenue","Warehouse 4","San Francisco","California","94124","United States","37.7268","-122.3977","05:30:00","22:30:00","21:00:00","14200","Ethan Nguyen","ethan.nguyen@zylker.com","+14155550102"
"HUB-SH-003","Seattle Northwest Sorting Hub","Sorting Hub","","true","6700 East Marginal Way South","Dock 7","Seattle","Washington","98108","United States","47.5426","-122.3221","05:00:00","22:00:00","20:30:00","12800","Ava Thompson","ava.thompson@zylker.com","+12065550103"
"HUB-SH-004","Dallas Fort Worth Sorting Hub","Sorting Hub","","true","2400 West Airfield Drive","Facility 2","Dallas","Texas","75261","United States","32.8998","-97.0403","04:30:00","23:30:00","22:00:00","17600","Mason Carter","mason.carter@zylker.com","+12145550104"
"HUB-SH-005","Chicago Central Sorting Hub","Sorting Hub","","true","5100 West 73rd Street","Unit 12","Bedford Park","Illinois","60638","United States","41.7579","-87.7507","04:00:00","23:00:00","21:30:00","19400","Sophia Reynolds","sophia.reynolds@zylker.com","+13125550105"
"HUB-SH-006","Atlanta Southeast Sorting Hub","Sorting Hub","","true","4200 International Parkway","Building C","Hapeville","Georgia","30354","United States","33.6534","-84.4086","05:00:00","23:00:00","21:45:00","16800","Noah Brooks","noah.brooks@zylker.com","+14045550106"
"HUB-SH-007","Miami South Florida Sorting Hub","Sorting Hub","","true","7800 Northwest 25th Street","Bay 9","Doral","Florida","33122","United States","25.7984","-80.3251","05:30:00","22:30:00","21:00:00","13100","Isabella Rivera","isabella.rivera@zylker.com","+13055550107"
"HUB-SH-008","New York Gateway Sorting Hub","Sorting Hub","","true","150 Meadowlands Parkway","Distribution Center 5","Secaucus","New Jersey","07094","United States","40.7895","-74.0565","04:00:00","23:59:00","22:30:00","22500","Liam Sullivan","liam.sullivan@zylker.com","+12015550108"
"HUB-SH-009","Boston New England Sorting Hub","Sorting Hub","","true","85 Industrial Park Road","Warehouse B","Hingham","Massachusetts","02043","United States","42.1973","-70.9265","05:00:00","22:00:00","20:45:00","11900","Emma Walsh","emma.walsh@zylker.com","+16175550109"
"HUB-SH-010","Denver Mountain Sorting Hub","Sorting Hub","","true","4650 Havana Street","Suite 100","Denver","Colorado","80239","United States","39.7817","-104.8663","05:00:00","22:30:00","21:00:00","13700","Lucas Bennett","lucas.bennett@zylker.com","+13035550110"
"HUB-CC-011","Long Beach Collection Center","Collection Center","Los Angeles Metro Sorting Hub","true","2750 Orange Avenue","Unit 8","Long Beach","California","90806","United States","33.8078","-118.1769","07:00:00","20:00:00","18:30:00","4200","Mia Hernandez","mia.hernandez@zylker.com","+15625550111"
"HUB-CC-012","Pasadena Collection Center","Collection Center","Los Angeles Metro Sorting Hub","true","1255 East Colorado Boulevard","Suite 210","Pasadena","California","91106","United States","34.1468","-118.1260","07:30:00","19:30:00","18:00:00","3600","James Foster","james.foster@zylker.com","+16265550112"
"HUB-CC-013","Oakland Collection Center","Collection Center","San Francisco Bay Sorting Hub","true","880 Maritime Street","Building 3","Oakland","California","94607","United States","37.8081","-122.3018","06:30:00","20:30:00","19:00:00","4800","Charlotte Kim","charlotte.kim@zylker.com","+15105550113"
"HUB-CC-014","San Jose Collection Center","Collection Center","San Francisco Bay Sorting Hub","true","1720 Rogers Avenue","Unit 6","San Jose","California","95112","United States","37.3704","-121.9098","07:00:00","21:00:00","19:30:00","5100","Benjamin Lee","benjamin.lee@zylker.com","+14085550114"
"HUB-CC-015","Tacoma Collection Center","Collection Center","Seattle Northwest Sorting Hub","true","2201 Port of Tacoma Road","Dock 11","Tacoma","Washington","98421","United States","47.2667","-122.4017","06:30:00","20:00:00","18:45:00","3900","Amelia Price","amelia.price@zylker.com","+12535550115"
"HUB-CC-016","Fort Worth Collection Center","Collection Center","Dallas Fort Worth Sorting Hub","true","3100 North Sylvania Avenue","Warehouse 2","Fort Worth","Texas","76111","United States","32.8004","-97.3081","06:00:00","21:00:00","19:30:00","5300","Henry Davis","henry.davis@zylker.com","+18175550116"
"HUB-CC-017","Plano Collection Center","Collection Center","Dallas Fort Worth Sorting Hub","false","1401 East Plano Parkway","Suite 115","Plano","Texas","75074","United States","33.0086","-96.6925","07:00:00","19:00:00","17:30:00","3100","Harper Morgan","harper.morgan@zylker.com","+19725550117"
"HUB-CC-018","Milwaukee Collection Center","Collection Center","Chicago Central Sorting Hub","true","3800 West Mitchell Street","Bay 4","Milwaukee","Wisconsin","53215","United States","43.0122","-87.9608","06:00:00","20:30:00","19:00:00","4500","Daniel Cooper","daniel.cooper@zylker.com","+14145550118"
"HUB-CC-019","Naperville Collection Center","Collection Center","Chicago Central Sorting Hub","true","1600 Shore Road","Unit 9","Naperville","Illinois","60563","United States","41.7975","-88.1877","07:00:00","20:00:00","18:30:00","3700","Evelyn Parker","evelyn.parker@zylker.com","+16305550119"
"HUB-CC-020","Marietta Collection Center","Collection Center","Atlanta Southeast Sorting Hub","true","825 Franklin Gateway Southeast","Building D","Marietta","Georgia","30067","United States","33.9286","-84.4954","06:30:00","20:30:00","19:00:00","4400","Alexander Reed","alexander.reed@zylker.com","+16785550120"
"HUB-CC-021","Fort Lauderdale Collection Center","Collection Center","Miami South Florida Sorting Hub","true","2950 Northwest 27th Avenue","Unit 14","Fort Lauderdale","Florida","33311","United States","26.1642","-80.1784","07:00:00","21:00:00","19:30:00","4700","Camila Torres","camila.torres@zylker.com","+19545550121"
"HUB-CC-022","Newark Collection Center","Collection Center","New York Gateway Sorting Hub","true","950 Doremus Avenue","Dock 5","Newark","New Jersey","07114","United States","40.7052","-74.1543","05:30:00","22:00:00","20:30:00","6200","Michael Adams","michael.adams@zylker.com","+19735550122"
"HUB-CC-023","Brooklyn Collection Center","Collection Center","New York Gateway Sorting Hub","true","1450 Atlantic Avenue","Floor 1","Brooklyn","New York","11216","United States","40.6785","-73.9447","06:00:00","22:00:00","20:45:00","6800","Abigail Johnson","abigail.johnson@zylker.com","+17185550123"
"HUB-CC-024","Providence Collection Center","Collection Center","Boston New England Sorting Hub","false","125 Corliss Street","Warehouse 7","Providence","Rhode Island","02904","United States","41.8491","-71.4148","07:00:00","19:30:00","18:00:00","2900","Samuel Collins","samuel.collins@zylker.com","+14015550124"
"HUB-CC-025","Aurora Collection Center","Collection Center","Denver Mountain Sorting Hub","true","15800 East 33rd Drive","Suite 200","Aurora","Colorado","80011","United States","39.7648","-104.8069","06:30:00","20:30:00","19:00:00","4100","Grace Mitchell","grace.mitchell@zylker.com","+17205550125"