"Communication_ID","Customer","Shipment","Recipient","Channel","Template_Code","Subject","Message_Summary","Provider","Provider_Message_ID","Communication_Status","Attempt_Count","Last_Attempt_At","Failure_Reason"
"1","100001","100000001","emily.carter@zylker.com","Email","SHIPMENT_BOOKED_EMAIL","Shipment 100000001 booked","Booking confirmation and shipment tracking details were sent to the customer.","ZeptoMail","ZPM-20260801-100001","Delivered","1","01-Aug-2026 08:17:40",""
"2","100002","100000002","+14155551002","SMS","PICKUP_CONFIRMED_SMS","Pickup confirmed","Customer was notified that the shipment pickup was completed successfully.","Configured SMS Gateway","SMS-20260803-100002","Delivered","1","03-Aug-2026 10:04:25",""
"3","100004","100000003","noah.anderson@zylker.com","Email","ORIGIN_DISPATCH_EMAIL","Shipment dispatched to sorting hub","Dispatch confirmation was sent with the latest custody location.","Zoho Mail","ZM-20260805-100003","Sent","1","05-Aug-2026 12:02:16",""
"4","100006","100000004","+14045551006","WhatsApp","ORIGIN_SORT_COMPLETE_WA","Origin sorting completed","Customer received an update that origin sorting was completed.","Other","WA-20260807-100004","Delivered","1","07-Aug-2026 14:28:51",""
"5","100008","100000005","ethan.davis@zylker.com","Portal Notification","IN_TRANSIT_PORTAL","Shipment in transit","A portal notification was created with the current transit status.","Other","PORTAL-20260809-100005","Delivered","1","09-Aug-2026 16:45:03",""
"6","100009","100000006","mia.johnson@zylker.com","Email","DESTINATION_ARRIVAL_EMAIL","Shipment arrived at destination hub","Destination arrival details and the expected delivery window were emailed.","ZeptoMail","ZPM-20260811-100006","Delivered","1","11-Aug-2026 08:12:47",""
"7","100010","100000007","+17205551010","SMS","DELIVERY_HUB_SMS","Shipment received at delivery hub","Customer was informed that the parcel reached the local delivery facility.","Configured SMS Gateway","SMS-20260813-100007","Sent","1","13-Aug-2026 10:48:22",""
"8","100001","100000008","emily.carter@zylker.com","Email","OUT_FOR_DELIVERY_EMAIL","Shipment is out for delivery","Delivery-day notification was sent with a reminder to keep the recipient available.","Zoho Mail","ZM-20260815-100008","Delivered","1","15-Aug-2026 13:05:34",""
"9","100009","100000009","+17185551009","WhatsApp","DELIVERED_CONFIRMATION_WA","Shipment delivered","Successful delivery confirmation and proof-of-delivery availability were communicated.","Other","WA-20260817-100009","Delivered","1","17-Aug-2026 15:22:19",""
"10","100004","100000010","+12145551004","SMS","NDR_FIRST_ATTEMPT_SMS","Delivery attempt unsuccessful","Customer was asked to provide rescheduling or address instructions after a failed attempt.","Configured SMS Gateway","SMS-20260819-100010","Delivered","2","19-Aug-2026 09:18:56",""
"11","100011","100000011","charlotte.reed@zylker.com","Email","FREIGHT_TRANSIT_EMAIL","Corporate freight shipment in transit","The corporate contact received the current route and estimated arrival information.","ZeptoMail","ZPM-20260821-100011","Sent","1","21-Aug-2026 13:46:28",""
"12","100012","100000012","benjamin.clark@zylker.com","Portal Notification","DESTINATION_HUB_PORTAL","Freight reached destination hub","The portal timeline was updated with destination-hub receipt information.","Other","PORTAL-20260823-100012","Delivered","1","23-Aug-2026 17:35:41",""
"13","100013","100000013","+15625551013","SMS","LOCAL_HUB_ARRIVAL_SMS","Shipment available for local processing","The customer was notified that the shipment reached the local delivery hub.","Configured SMS Gateway","SMS-20260824-100013","Delivered","1","24-Aug-2026 09:28:37",""
"14","100014","100000014","henry.walker@zylker.com","Email","SECURE_TRANSIT_EMAIL","Secure shipment transit update","A secure transit update was sent to the authorized corporate contact.","Zoho Mail","ZM-20260825-100014","Delivered","1","25-Aug-2026 12:16:05",""
"15","100016","100000015","+19545551016","WhatsApp","OFD_BUSINESS_WA","Business shipment out for delivery","The business contact received an out-for-delivery alert and delivery window.","Other","WA-20260826-100015","Sent","1","26-Aug-2026 15:02:48",""
"16","100018","100000016","michael.adams@zylker.com","Email","EPOD_AVAILABLE_EMAIL","Electronic proof of delivery available","Delivery confirmation was emailed with instructions for accessing the electronic proof of delivery.","ZeptoMail","ZPM-20260827-100016","Delivered","1","27-Aug-2026 08:49:32",""
"17","100019","100000017","+16265551019","SMS","FREIGHT_ARRIVAL_SMS","Freight arrived at destination sorting hub","The wholesale customer received a destination sorting hub arrival update.","Configured SMS Gateway","SMS-20260827-100017","Delivered","1","27-Aug-2026 17:14:09",""
"18","100020","100000018","camila.torres@zylker.com","Portal Notification","DELIVERY_HUB_PORTAL","Wholesale shipment at delivery hub","The portal displayed local-hub receipt and planned delivery processing details.","Other","PORTAL-20260828-100018","Delivered","1","28-Aug-2026 10:42:26",""
"19","100021","100000019","daniel.cooper@zylker.com","Email","LINEHAUL_TRANSIT_EMAIL","Wholesale shipment in linehaul transit","Current linehaul status and expected destination processing time were emailed.","Zoho Mail","ZM-20260828-100019","Failed","3","28-Aug-2026 16:25:14","Recipient mailbox temporarily unavailable after multiple delivery attempts."
"20","100022","100000020","+17185551022","WhatsApp","WHOLESALE_DELIVERED_WA","Wholesale order delivered","Delivery completion and proof-of-delivery details were sent to the account contact.","Other","WA-20260829-100020","Delivered","1","29-Aug-2026 10:19:43",""
"21","100024","100000021","grace.mitchell@zylker.com","Email","ORIGIN_SORT_COMPLETE_EMAIL","Shipment sorted at origin hub","The wholesale account received confirmation that origin sorting was completed.","ZeptoMail","ZPM-20260829-100021","Delivered","1","29-Aug-2026 18:44:18",""
"22","100025","100000022","+12065551025","SMS","BAG_DISPATCH_SMS","Shipment dispatched in logistics bag","The customer was informed that the shipment left the collection facility in a sealed movement.","Configured SMS Gateway","SMS-20260830-100022","Sent","1","30-Aug-2026 08:05:57",""
"23","100001","100000023","emily.carter@zylker.com","Email","SAME_DAY_ARRIVAL_EMAIL","Urgent shipment reached destination hub","A same-day destination arrival notice was emailed for the urgent document shipment.","Zoho Mail","ZM-20260831-100023","Delivered","1","31-Aug-2026 08:26:44",""
"24","100018","100000024","michael.adams@zylker.com","Portal Notification","TRANSIT_UPDATE_PORTAL","Corporate shipment transit update","A portal notification was queued with the latest corporate shipment transit milestone.","Other","","Queued","0","",""
"25","100025","100000025","+12065551025","WhatsApp","BOOKING_CONFIRMATION_WA","Priority shipment booking received","A booking confirmation was sent with the AWB and initial pickup location.","Other","WA-20260831-100025","Delivered","1","31-Aug-2026 17:42:13",""