"NDR_ID","Customer","Customer_Login_Email","Shipment","Delivery_Run_Item","Secure_Token","Failure_Reason","Recipient_Instruction","Reschedule_Date","Updated_Delivery_Address.address_line_1","Updated_Delivery_Address.address_line_2","Updated_Delivery_Address.district_city","Updated_Delivery_Address.state_province","Updated_Delivery_Address.postal_Code","Updated_Delivery_Address.country","Submitted_At","NDR_Status","Supervisor_Notes"
"1","emily.carter@zylker.com","emily.carter@zylker.com","100000001","1","ndr_8Kf2Lm9Qx1Az","Recipient was unavailable during the delivery window.","Reschedule Delivery","31-Aug-2026","","","","","","","01-Aug-2026 11:20:14","Added to Next DRS","Reschedule request verified and queued for the next available delivery run."
"2","jacob.miller@zylker.com","jacob.miller@zylker.com","100000002","1","ndr_4Np7Vr3Bc8Ty","The recipient requested delivery to a corrected address.","Update Delivery Address","","1842 Sunset Boulevard","Apartment 5B","Los Angeles","California","90026","United States","03-Aug-2026 10:42:18","Acknowledged","Updated address received through the secure response form and validated."
"3","noah.anderson@zylker.com","noah.anderson@zylker.com","100000003","2","ndr_6Hd1Ws5Jq0Pe","Business premises were closed at the time of delivery.","Hold at Local Office","","","","","","","","05-Aug-2026 15:08:36","Acknowledged","Shipment will be held at the local office pending recipient collection."
"4","liam.martinez@zylker.com","liam.martinez@zylker.com","100000004","1","ndr_9Rt3Yk7Mn2Uv","Recipient asked for delivery on a different date.","Reschedule Delivery","05-Aug-2026","","","","","","","07-Aug-2026 16:12:43","Added to Next DRS","Historical reschedule instruction was processed by the hub supervisor."
"5","ethan.davis@zylker.com","ethan.davis@zylker.com","100000005","2","ndr_2Cx8Qa4Lf6Zi","Recipient was unavailable and supplied an alternate delivery address.","Update Delivery Address","","725 Market Street","Suite 410","San Francisco","California","94103","United States","09-Aug-2026 17:06:25","New","Address correction is awaiting assignment to a revised local route."
"6","mia.johnson@zylker.com","mia.johnson@zylker.com","100000006","1","ndr_7Bj5Ep1Sw9Ko","Access to the recipient building was restricted.","Hold at Local Office","","","","","","","","11-Aug-2026 09:24:51","Acknowledged","Local office hold confirmed; identification will be required at pickup."
"7","lucas.bennett@zylker.com","lucas.bennett@zylker.com","100000007","1","ndr_3Vm0Gt8Rx4Na","No authorized recipient was available to accept the shipment.","Reschedule Delivery","09-Aug-2026","","","","","","","13-Aug-2026 12:02:17","Added to Next DRS","Reschedule date was recorded and the delivery team was notified."
"8","emily.carter@zylker.com","emily.carter@zylker.com","100000008","2","ndr_5Qw2Dc7Hy1Fs","Delivery address details were incomplete.","Update Delivery Address","","410 Pine Street","Unit 12","Seattle","Washington","98101","United States","15-Aug-2026 14:38:09","Acknowledged","Corrected unit information has been added to the delivery instruction."
"9","mia.johnson@zylker.com","mia.johnson@zylker.com","100000009","2","ndr_1Za6Nk3Pu8Me","Recipient requested collection rather than another doorstep attempt.","Hold at Local Office","","","","","","","","17-Aug-2026 16:04:33","Acknowledged","Shipment designated for secure counter collection at the local office."
"10","noah.anderson@zylker.com","noah.anderson@zylker.com","100000010","3","ndr_8Ls4Tv0Cb5Xq","Customer door was locked and building access was unavailable.","Reschedule Delivery","31-Aug-2026","","","","","","","19-Aug-2026 09:18:56","Added to Next DRS","A new attempt has been planned for the requested month-end date."
"11","charlotte.reed@zylker.com","charlotte.reed@zylker.com","100000011","2","ndr_0Fp9Wr2Jd7Ki","Security staff advised that the recipient had moved offices.","Update Delivery Address","","2630 McKinney Avenue","Apartment 804","Dallas","Texas","75204","United States","21-Aug-2026 14:12:28","New","Revised location requires route and serviceability confirmation."
"12","benjamin.clark@zylker.com","benjamin.clark@zylker.com","100000012","3","ndr_4Yu1Sm6Hg3Ro","Receiving dock was closed when the agent arrived.","Hold at Local Office","","","","","","","","23-Aug-2026 18:24:10","Acknowledged","Freight will remain secured at the local office until collection is arranged."
"13","amelia.harris@zylker.com","amelia.harris@zylker.com","100000013","1","ndr_6De8Kx5Vn0Pa","Recipient requested a later delivery date after a missed attempt.","Reschedule Delivery","17-Aug-2026","","","","","","","24-Aug-2026 10:35:42","Added to Next DRS","Historical reschedule request was acknowledged and route planning updated."
"14","henry.walker@zylker.com","henry.walker@zylker.com","100000014","4","ndr_2Jq7Bc9Lt4Wz","The listed suite could not be located by the delivery agent.","Update Delivery Address","","155 North Harbor Drive","Condo 2210","Chicago","Illinois","60601","United States","25-Aug-2026 13:20:05","Acknowledged","Updated suite details were accepted for the next secure delivery attempt."
"15","alexander.scott@zylker.com","alexander.scott@zylker.com","100000015","3","ndr_9Mn3Rf1Xs6Eh","The stated suite number was invalid and address verification was required.","Hold at Local Office","","","","","","","","26-Aug-2026 16:08:39","Acknowledged","Shipment placed on hold while the business contact confirms collection."
"16","michael.adams@zylker.com","michael.adams@zylker.com","100000016","3","ndr_5Gt0Za8Qp2Uv","Authorized receiving staff were unavailable.","Reschedule Delivery","21-Aug-2026","","","","","","","27-Aug-2026 10:04:21","Added to Next DRS","Requested delivery date was recorded in the controlled NDR workflow."
"17","james.foster@zylker.com","james.foster@zylker.com","100000017","2","ndr_7Hw4Cy6Nk1Ls","The delivery location required corrected access and address details.","Update Delivery Address","","980 Peachtree Street Northeast","Apartment 14C","Atlanta","Georgia","30309","United States","27-Aug-2026 18:02:47","New","Address update is pending final serviceability review by the destination hub."
"18","camila.torres@zylker.com","camila.torres@zylker.com","100000018","4","ndr_3Vb9Jm2Fd8Rx","Receiving personnel requested local-office collection.","Hold at Local Office","","","","","","","","28-Aug-2026 12:16:34","Acknowledged","Hold instruction communicated to the Fort Worth office team."
"19","daniel.cooper@zylker.com","daniel.cooper@zylker.com","100000019","3","ndr_1Pk6Ts4Wq0Yn","The receiving office was closed and no alternate recipient was available.","Reschedule Delivery","31-Aug-2026","","","","","","","28-Aug-2026 17:05:26","Added to Next DRS","Shipment was added to the next eligible Newark delivery run."
"20","abigail.johnson@zylker.com","abigail.johnson@zylker.com","100000020","5","ndr_8Xc2Le7Ha5Mi","Recipient requested delivery to an alternate staffed location.","Update Delivery Address","","1200 Brickell Avenue","Suite 900","Miami","Florida","33131","United States","29-Aug-2026 11:32:48","Acknowledged","Alternate address was reviewed and accepted for controlled redelivery."
"21","grace.mitchell@zylker.com","grace.mitchell@zylker.com","100000021","5","ndr_4Rs0Nv9Bg3Kj","Recipient refused the COD amount and requested return processing.","Hold at Local Office","","","","","","","","29-Aug-2026 19:42:11","RTO","Refusal was confirmed; shipment is retained pending return-to-origin movement."
"22","samuel.collins@zylker.com","samuel.collins@zylker.com","100000022","3","ndr_6Qz5Df1Yu8Wp","Recipient requested a new appointment after missing the delivery window.","Reschedule Delivery","29-Aug-2026","","","","","","","30-Aug-2026 09:14:37","Added to Next DRS","Redelivery appointment was added to local route planning."
"23","emily.carter@zylker.com","emily.carter@zylker.com","100000023","4","ndr_2Em7Kx4Ct9Sa","The recipient supplied a corrected destination for the urgent shipment.","Update Delivery Address","","315 West 36th Street","Apartment 7A","New York","New York","10018","United States","31-Aug-2026 08:52:19","New","Same-day address correction was escalated for immediate routing review."
"24","michael.adams@zylker.com","michael.adams@zylker.com","100000024","6","ndr_9Lj3Hb6Vr0Fn","Receiving staff requested that the shipment remain at the local office.","Hold at Local Office","","","","","","","","31-Aug-2026 15:42:06","Acknowledged","Local-office hold was confirmed with the corporate account contact."
"25","samuel.collins@zylker.com","samuel.collins@zylker.com","100000025","4","ndr_5Tw8Pc2Mq7Zd","Recipient requested redelivery after the initial contact attempt.","Reschedule Delivery","31-Aug-2026","","","","","","","31-Aug-2026 18:36:45","Added to Next DRS","Month-end redelivery request was accepted and added to the next run sheet."